nm;Lederhandschuh AGKI 712 Armschutz, (M, id=5139);Lederhandschuh AGKI 712 Handrücken, (M, id=5140);Lederhandschuh AGKI 712 Zeigefinger, (M, id=5141);Lederhandschuh AGKI 808 Armschutz, (M, id=5142);Lederhandschuh AGKI 808 Handrücken, (M, id=5143);Lederhandschuh AGKI 808 Zeigefinger, (M, id=5144);Lederhandschuh Artelli Goliath Armschutz, (M, id=5145);Lederhandschuh Artelli Goliath Mittelfinger Stoff, (M, id=5146);Lederhandschuh Artelli Goliath Mittelfinger, (M, id=5147);Lederhandschuh Artelli Goliath Zeigefinger, (M, id=5148);Lederhandschuh kevlarverstärkt Tegera Ejendals Kevlar Handrücken, (M, id=5164);Lederhandschuh kevlarverstärkt Tegera Ejendals Kevlar Zeigefinger, (M, id=5165);Lederhandschuh Texxor 1141 Armschutz, (M, id=5166);Lederhandschuh Texxor 1141 Handrücken, (M, id=5167);Lederhandschuh Texxor 1141 Zeigefinger, (M, id=5168);Lederhandschuh Texxor 1141 Finger verschmutzt von Waldarbeiten, (M, id=5175);Lederhandschuh H1S1 stark verschmutzt Fiesler, (M, id=5177);Lederhandschuh H1S2 stark verschmutzt Fiesler, (M, id=5178);Lederhandschuh H1S3 stark verschmutzt Fiesler, (M, id=5179);Lederhandschuh H2S1 stark verschmutzt Fiesler, (M, id=5180);Lederhandschuh H2S2 stark verschmutzt Fiesler, (M, id=5181);Lederhandschuh H2S3 stark verschmutzt Fiesler, (M, id=5182);Lederhandschuh H2S4 stark verschmutzt Fiesler, (M, id=5183);Lederhandschuh H3S1 stark verschmutzt Fiesler, (M, id=5184);Lederhandschuh H3S2 stark verschmutzt Fiesler, (M, id=5185);Lederhandschuh H3S3 stark verschmutzt Fiesler, (M, id=5186);Lederhandschuh H3S4 stark verschmutzt Fiesler, (M, id=5187);Lederhandschuh H3S5 stark verschmutzt Fiesler, (M, id=5188);Lederhandschuh Schmersal, (M, id=6509)
400;26,1984992233;30,0625957694;22,7945866574;36,312458887;31,6771853019;25,3394079218;9,49496441636;4,60161734048;44,2156554129;45,2735355386;6,75338839012;54,1692930804;33,4264960965;34,3636798522;47,4957414791;16,7406597086;2,36206873522;5,37362543382;6,29540818338;2,63939569108;3,97403751732;1,9873170128;3,94900449004;4,26899623722;6,68826138;4,37747187772;8,54890437946;4,71150031296;45,3598657107
410;29,9959331212;33,3494040421;22,9573521148;39,725563885;34,910775667;31,5122584824;9,29638015324;4,61496581698;44,8745807299;46,3510819388;6,7094367715;56,8617820253;37,7299251835;38,675288848;47,6943573897;17,4565571905;2,47934724496;5,8955098724;6,65219302802;2,77464305;3,8195560661;1,99318346084;4,0231788428;4,8793876048;7,17941150894;4,74392848294;9,28960606846;5,05526023886;52,8577731722
420;33,7222892812;36,5321297349;22,8823034889;42,3798819726;37,741696825;33,8263657758;8,93959380064;4,4776757868;46,0329323807;47,5536223787;6,28610988738;58,3199532993;41,8413970313;42,2796970768;48,0500229891;18,382326671;2,5280933672;6,11317513202;6,89719988928;3,05093649788;3,67772591456;1,91090029572;4,09051747818;5,36694881204;7,54151359412;4,8205699413;9,77784905776;5,36777453502;55,5360101868
430;35,9303612251;38,5859572941;24,0066417337;43,2887966722;39,4862462209;35,0776899701;9,02915396974;4,7031157391;47,4027553073;48,8815943217;6,12822662374;59,6052514505;43,7247124694;44,2118693186;48,7274563499;19,3642246278;2,72003762806;6,3544129057;6,9407478533;3,3967400035;3,99484347264;2,15780991572;4,33386831604;5,74724453814;7,86052983208;5,13351863112;10,5043427892;5,79065389266;56,7483466651
440;37,4724025626;39,9074494285;25,6669121811;43,6724278462;40,9211877568;37,0937144106;9,32843998512;4,77876670336;49,2849489798;50,7390046172;5,91811030614;61,3712913948;44,7599921614;45,4281857893;49,9681002703;20,5630060435;2,8176674191;6,50176306032;7,24181773472;3,63131871118;4,13100359478;2,23753264466;4,40491752634;5,96948065818;8,48623532006;5,13723685296;11,0108163479;6,00901466666;58,2551598598
450;38,6243175227;40,7150254246;27,9601150086;44,0838837738;42,3216306778;38,8102479657;9,67755186856;4,9819148835;51,6260072996;53,263931336;5,8775157196;63,669903989;45,5738960188;46,3660289889;51,6686494438;21,890253036;2,98297786752;6,8712215428;7,60776518086;3,94844009272;4,1714064946;2,3796917894;4,33844702832;6,47053207136;9,00859781924;5,31097046616;11,8138326955;6,42927034354;60,0259239148
460;39,64282625;41,6080750298;30,8242984605;45,0141163988;43,6583846093;39,8611592504;10,4572914358;5,53464938916;54,2445752615;55,9295374681;6,75203574734;66,046187177;46,1933467989;47,3734460904;53,7041584849;23,4064769746;3,11560154568;7,1376658752;7,66174457288;4,19361263356;4,07528878604;2,55076715932;4,32919265466;6,89424958128;9,49179922548;5,50782227802;12,1890407047;6,79506378542;62,0738887454
470;40,7838152638;42,4878685302;34,3544494287;46,151064387;45,1083961012;40,7739454726;11,4181787721;6,14303485948;56,8959055131;58,4212012936;7,65136401062;68,0040842915;46,8021790417;48,1345060537;55,60813472;24,8289888826;3,1293274647;7,25750492514;7,74858174616;4,52683708448;3,9344815301;2,60709517412;4,37025796384;7,11176159062;9,85979186332;5,55900773226;12,5198764844;7,07127859396;63,927043836
480;42,1544006689;43,4030957469;39,0851772499;47,1702501644;46,5841310082;42,1753119742;12,5809587999;6,8292096114;59,5607144499;61,119042846;7,86378357116;70,1681953579;47,8809180455;49,2515242808;57,861083371;26,110326105;3,19900777946;7,45979191132;7,93395382678;4,93154820884;3,85290011924;2,69167151884;4,39692724726;7,42815581026;10,192485571;5,66462780238;12,9063608628;7,3608641667;65,7421439459
490;43,4054397922;44,4401624248;44,2346440377;47,9804750945;47,905726281;43,9072199793;13,844095438;7,66315809428;61,8137046068;63,4029373647;7,71977032194;71,8934132489;48,9125656474;50,4424663017;59,6006766121;27,4991497769;3,30188950946;7,63352240458;8,1762592764;5,4017777231;3,84254038718;2,8454567017;4,49942766082;7,88125005018;10,6437026647;5,91910704012;13,4125972509;7,70931585226;67,1714429171
500;44,7255906501;45,6108795;49,3960057322;48,6858085738;49,3503964277;46,116400247;15,3320686808;8,60110976384;62,9277046533;64,6623972869;7,49714282212;72,5288930365;49,7100952009;51,5622312698;60,2071917252;28,4399524394;3,36205282188;7,7764441822;8,42025788284;5,85816499654;3,7841172234;2,95682010914;4,54942765982;8,27519396442;11,2635609229;6,08879429628;14,0216151455;8,07879974238;68,0512772199
510;45,9249944268;46,683631002;53,5232695209;49,1643434735;50,5156598643;48,5525771754;16,6671848986;9,34815103994;62,825839784;64,5174165852;6,95974180956;71,9613718793;50,4186617436;52,5526272072;59,3141351765;28,9460416122;3,4282221003;7,97560839188;8,65596116714;6,1705490841;3,79001693094;3,06974188736;4,57464483092;8,70289307884;11,9012945956;6,27019629324;14,6879592464;8,4587712072;67,8549616372
520;46,8745137763;47,4698095754;55,9452360249;49,3297694897;51,2266250911;50,8261421016;17,1591406743;9,56589715038;61,393580596;63,0731145717;6,4292796529;70,3185380804;50,8811213475;53,243891288;57,0577541285;28,8778448523;3,4807409791;8,20504217304;8,88565994294;6,38082871532;3,83028650222;3,20170461366;4,68112684898;9,07432963452;12,427281333;6,48685862946;15,4107954297;8,81339911578;66,6617534562
530;47,7789999445;48,3666728941;57,0123974399;49,5683629069;52,1826056304;53,2602430992;16,5625022958;9,29671135792;59,4375346206;61,1224205538;6,3656484725;68,2490611677;51,4207114927;53,9220348039;54,4511373744;28,517670025;3,60131176838;8,42348234036;9,19676841508;6,42609599778;3,88469953392;3,26966872992;4,71802565586;9,40726292918;13,0876257078;6,65383058718;16,0107006801;9,17860787918;65,2187916562
540;48,5319617583;49,2018885915;56,8033773258;49,9628236776;53,0102900961;55,3281170153;15,2008685873;8,681159874;57,2090021218;58,9780430349;6,45101818916;66,0378750026;51,9635476796;54,5753940345;51,8973992314;27,906516933;3,62737478914;8,61344923154;9,44493588978;6,39829519434;3,9138706904;3,30548522008;4,73040974942;9,73150806442;13,6467752695;6,83226069196;16,5918391319;9,45148648584;63,5823897656
550;49,2486710763;49,9810597329;56,0208200251;50,1306784135;53,7378397777;56,83908298;13,7089013108;7,9019625709;55,2288812622;57,0890707002;6,19299481006;64,1686230321;52,3228490381;55,1532849871;49,8230147677;27,3321940719;3,62845856336;8,81431811888;9,73860786798;6,39528873964;4,07297326828;3,3498766678;4,7969934493;10,0498434288;14,183801909;7,06296626508;17,1374877208;9,75112674758;62,2242361999
560;50,1691586328;50,8321250259;55,5516843484;50,432531758;54,492484685;58,1075223724;12,3285416061;7,10119537658;53,9159079387;55,7558532127;5,92907172342;62,9902044682;52,8185832107;55,750270823;48,4285216659;27,0570685235;3,72345390678;8,99910240108;9,9093273291;6,39150813122;4,36167842884;3,399999932;4,82200268092;10,4226750416;14,6896469173;7,25197410474;17,7452815692;10,012355366;61,3430006505
570;51,2034129088;51,7181525585;55,5349519747;51,2437133736;55,4762983788;59,7456543483;11,017298368;6,40999529436;53,1998449317;55,155351763;6,13094886558;62,4570963431;53,8570941491;56,722579378;47,6492958352;27,1755533187;3,73346084998;9,17530020488;10,1331626223;6,37917102948;4,92432056264;3,47342080676;4,87647734522;10,807480904;15,2853617153;7,4142896193;18,1944527173;10,2911382576;60,7929814432
580;52,021137423;52,4686871102;55,7995937719;52,3143103055;56,6297122886;61,7537793734;9,98636092122;5,88905783742;53,0543049593;55,0874677436;6,5396231302;62,474847035;55,0035190912;57,8045351419;47,5062061666;27,5848854152;3,81591115218;9,39209732714;10,3461074402;6,5279755079;5,8567468977;3,52346085418;4,91280993786;11,1342063281;15,8860272326;7,50403850966;18,5834821372;10,5663654871;60,9484528395
590;52,7437040342;53,181500252;56,6622882229;53,1511851462;57,6487563366;63,7990850523;9,1598765516;5,43249024362;53,5955813179;55,6471742102;6,8374262942;62,948594529;55,8482987828;58,6940451832;47,9743412858;28,1437138356;3,88916413588;9,5957647297;10,5354565479;6,72612451936;6,74922334532;3,6330680147;4,92096353056;11,4451984785;16,2870378454;7,64974179576;18,9443956472;10,8360959096;61,5208129717
600;53,2001382995;53,7034529072;57,8778982075;53,5347146392;58,2083464814;65,0178232993;8,45641252108;5,02430813134;54,532872944;56,6148186246;7,21408626126;63,9971294173;56,5276409373;59,1770485084;48,802880002;28,9332077806;3,94773909244;9,726320878;10,6926465086;6,93930892426;7,23554440812;3,76976803498;4,84143188884;11,6954450039;16,5618060275;7,80661207266;19,1326863883;11,0568631155;62,2950103522
610;53,5043973219;54,073303473;59,4685306;53,6414386102;58,3209070194;65,4490966946;8,05929883852;4,78298477492;55,901745974;57,9758176973;7,33517461052;65,4989734284;56,8883603946;59,5423704737;50,1814856712;29,897428199;3,9765620375;9,88881122702;10,8106221447;7,07482419282;7,38117142084;3,72541351574;4,96105826738;11,8985862406;16,8533027599;7,93445292252;19,3140198092;11,1201129795;63,5698663085
620;53,9811829181;54,5519570605;61,3129960736;53,5625863846;59,0090052058;66,0071694255;7,82018162146;4,73319583534;57,7398047925;59,8461042387;7,06687471614;67,3008713688;57,1118452649;59,7802522782;51,7577635439;31,2603190586;4,06728607766;10,0942564607;10,9107854564;7,35283293074;7,45050589014;3,84382515748;4,94804869294;12,1032141522;17,1215695492;8,06536185968;19,4318174909;11,2911051326;65,2335382593
630;54,6291916487;55,2106667911;63,5766349074;53,8134075251;59,7489550792;67,0523896962;7,93458770856;4,69918952732;59,9764500816;62,2004587118;6,6390316608;69,5863266242;57,5674607506;60,1820070596;53,7131425325;32,7604722789;4,2166783545;10,2742849847;11,0768700585;7,73345382658;7,65757570462;4,00602747018;4,9803025775;12,3525116894;17,368088493;8,22029099186;19,5967135179;11,5302462998;67,0457774675
640;55,3290683695;55,9080816872;66,043990347;54,6894782263;60,3836515582;68,3831830415;8,16678689992;4,98537656206;62,4652590907;64,6881923475;6,61301105442;72,1009938345;58,4294496239;60,8419653356;56,1024992936;34,457480431;4,24112685778;10,4710204747;11,2333474981;8,02492439734;7,76022479102;4,04094890738;5,02432971552;12,5909703206;17,7110980608;8,34297318288;19,7947207999;11,7486934105;69,1446766445
650;56,0525415545;56,7123074402;68,2700363171;55,8742694319;61,2092908321;69,5450270594;8,51532416822;5,17656437946;64,8954885657;67,0734641606;7,56468879748;74,277384897;59,4724675786;61,8653514743;58,3962112802;36,087951875;4,23035964766;10,6355682903;11,3381957805;8,37040967662;7,90966863712;4,19706661474;5,07273678122;12,8717159411;17,9971279713;8,56328591892;19,9101012828;11,9925001758;71,2531359923
660;56,1198785779;57,129989548;70,2483054382;57,2527364916;61,7601719873;70,3423325752;9,1854759476;5,62708359288;67,1893261835;69,3029604428;10,4216069207;76,3787266804;60,4856457781;62,3569714679;60,4724699246;37,6409798829;4,32077406732;10,6668985943;11,5793805274;8,74970172534;7,99505224058;4,36260658682;5,09746949736;13,0595268047;18,2475754928;8,72431812068;20,0325446408;12,0604141803;72,9590749603
670;55,0133698187;56,9876902858;72,2591889301;58,0228042982;61,406551734;71,096871978;10,2981696397;6,2707548101;69,5135974404;71,5642914562;15,9238198934;78,5914426887;60,6314763074;62,3228250424;62,94996327;39,0971344927;4,40488899876;10,7518461921;11,6368153581;8,98477258536;7,96174456688;4,36171153386;5,015099292;13,0109542139;18,261564949;8,83738620578;19,9910318052;12,0273314528;74,8002210843
680;54,8658456876;57,237711111;73,8850300926;58,9009455987;61,4669701322;71,5449277044;12,0286857075;7,39051832064;71,5006502125;73,3304676441;24,2861334775;80,3235478664;61,1955096244;62,9928466132;65,1246535288;40,6143767495;4,32674929426;10,9916142977;11,8118006366;9,1974878796;7,97039267788;4,44005002296;5,05192952288;13,1631479209;18,4369454307;8,91038113824;20,0247862514;12,185103726;76,3420135253
690;56,8727357452;58,4285191;74,9846165071;60,6353909478;63,2556233846;71,9205184875;14,5610598418;9,0110345452;72,948489528;74,8371260806;33,7123418632;81,2681651003;63,110846045;64,551129475;66,597426711;41,8414711973;4,51838302616;11,1687495688;11,9604026614;9,52348926176;7,96111526254;4,53258499924;5,14780070104;13,4809964644;18,8884443714;8,94185629164;20,3286177195;12,3968083995;77,3678886628
700;58,8657506115;59,7990736115;77,0595439889;63,4669451296;64,9735596942;72,7517648553;18,9160366358;12,0475565531;75,0530118971;76,9511939796;44,0917459517;82,94282775;65,0719051263;66,5134980308;69,0732139212;43,4080718739;4,55020784848;11,3356253314;12,0646947929;9,9854496155;7,8890246924;4,51455467194;5,15022942066;13,5759804414;19,0735276617;9,00757804358;20,3860179877;12,5258147829;79,0201972042
710;59,6775060882;60,5168374222;79,2017223119;65,1652405724;65,7281601302;73,6381760702;24,6227535514;16,3815196067;77,4213580378;79,195704825;51,6676176838;85,0667584968;66,1273049631;67,6377570369;71,9133563479;45,2039230963;4,58058222092;11,560497407;12,3198503268;10,2205535805;7,8941857172;4,621105266;5,10072393996;13,9786955774;19,3983064552;9,14404396276;20,5342792936;12,6288843257;80,9466237931
720;59,9892795511;61,2345866543;80,939126876;66,3025858823;66,5080382597;74,5447318412;31,4622009788;21,78389353;79,3799916986;81,0117710509;56,4457834305;86,728038553;66,7977179401;68,1945992558;74,6289892243;46,8384931589;4,66267392558;11,7379670466;12,777517333;10,3370219145;8,04945575128;4,88880727506;5,17331578926;14,1581857997;19,9260505931;9,28839913718;20,7166228951;12,9150125985;82,4573793818
730;60,5215575417;61,6101235406;82,8047218176;67,0893308201;66,8936980004;75,377959111;39,1234606172;28,3967813892;81,6143893857;83,1783373358;59,4295034819;88,0796795065;67,330394966;68,9440682033;77,901708537;48,7768911611;4,46373460352;11,9959697459;12,6870773493;10,6896418687;7,7915599166;4,66192620421;5,05892560978;14,0950222832;19,7554478281;9,10430280985;20,9109231924;13,042351715;83,8840106126
740;60,8756623116;62,0477551041;83,9677429865;67,5187771661;66,93713896;76,042999976;45,644513061;34,8669984822;83,5234786285;85,1706281318;61,2428813801;88,9244437692;67,7957057327;69,2553987266;80,4137169876;50,4170684347;3,86981188421;11,7196601501;12,5537468026;10,9629085041;7,47513859842;4,36055461069;5,01176496447;14,0194431866;19,3613813807;9,21086530155;20,0536242202;12,0024969892;84,4914531996
750;59,950999654;61,2467185188;84,050073081;66,6644308804;65,9875252387;75,6519628033;51,7572649967;41,5779415422;84,6855065389;86,2860473035;61,7220705834;88,1840019282;66,944286542;69,1294680282;81,8908543809;51,7791465955;3,82455591434;12,1996645453;13,0606589691;11,2793308572;8,01260594997;4,59965671423;5,19060072561;14,427937115;18,5735068183;8,38374473321;19,8737287506;12,7785160969;85,2165633269
760;60,4624603122;61,7786187443;85,2511579743;67,0641435327;66,5964525;76,1304865463;56,0657061762;47,7701848647;86,4356951952;87,7992730754;62,8418046781;88,9646094285;67,5620246605;69,7478093658;83,8622305848;53,005851329;3,96071161776;12,3545737181;13,7555589747;11,1827601041;7,94836148789;4,2801699547;4,83745493542;14,4325254903;18,9632428503;8,54459575719;19,5874736453;12,2694588149;85,3677020461
770;60,1438590407;61,4861401867;85,3160811997;66,5520516583;66,0710636139;75,8810667014;59,1830312204;52,8185623111;86,5460328628;88,404894604;63,228222038;88,5834831718;67,0006217083;69,6864781664;84,8810468242;54,1147663743;3,94889024057;12,6363878643;13,1673729894;11,3499126101;7,80874201859;4,02153924359;4,87345557032;14,3085305017;18,2004919167;7,96460103365;19,4968157439;11,7010612444;85,4522019095
780;59,8835564097;61,2742104671;85,5695765293;66,358034881;65,7740843107;75,7667609357;61,1542513572;57,569172587;87,1693882729;88,845420479;63,9004550229;88,3032854361;67,001594588;69,8385268852;85,6910440998;55,3137807151;3,42907236602;11,9687630305;13,7026483926;10,916331133;7,09738348894;3,91475934883;4,87435749572;14,2698884762;18,6319543816;7,81927845582;19,1800917021;11,6105410829;85,3109457203
790;59,8575586325;61,2528244308;86,0841256744;66,1319612322;65,8029960008;75,7076739319;62,4476129448;61,4036120942;87,5667227668;89,5431644381;64,8766118829;88,4384417678;66,8821680437;69,8705428401;86,4276677956;55,2680215244;3,84069974633;12,697147014;13,9914489368;11,3871195198;7,50928956596;4,10932513614;4,41924184865;14,3150296464;18,275663786;7,36496150147;19,0350005819;11,6393880818;85,4565228556
800;59,8356509142;61,4869806093;86,3681431642;66,0839681319;65,8862814324;75,7541941937;63,5452413609;64,8884221785;88,1841997921;90,0650365929;65,415940577;88,3529989354;67,129867871;70,0635757726;87,1705242968;55,3487013712;3,46328616439;12,2744487798;14,4480417052;11,1646148995;7,41292239432;4,03258796003;4,53877778947;14,2951874735;18,0582742229;7,76751831998;18,9085340825;11,3905683278;85,6979455854
810;60,0031251735;61,3342079677;86,6118143232;66,2167685928;65,8714862996;75,8560467131;64,0760219948;67,462266643;88,4460110909;90,5351766288;65,8380417205;88,4677786604;67,0560827481;70,4029976344;87,743894487;56,1996112707;3,53175552525;12,5153693812;14,2775209106;11,1396439338;7,41859881524;3,64846606311;4,41629459097;14,200558166;17,0616572274;6,8478031492;19,2035830073;11,2874709291;85,5283218765
820;60,0214095018;61,5284906499;86,8659679337;65,9214409829;65,8562655813;75,7558595994;64,5699112178;69,3722262376;88,7221851333;90,7899679171;66,068688738;88,3705909523;67,0166050066;70,4944748855;87,9350185585;55,8614404289;3,41805285849;12,243501096;13,9234273659;11,3071246384;7,18999874821;3,84184324741;4,27807456414;14,1710918592;16,8919396219;6,92600998755;19,1044769051;11,3325586768;85,3317451104
830;59,8302022255;61,4156623029;86,7377767107;65,8576261274;65,8507245526;75,4893351923;64,600523349;70,8669981698;88,6758934282;90,8965500175;66,2518972952;88,1051461229;66,8395949461;70,526713932;88,0574751141;56,5375255447;3,50780315667;12,539563733;14,1779268306;11,2695590932;7,40625062727;3,85350408399;4,29789649725;13,9960337553;17,3417569439;7,29586676887;18,9788261592;11,3613145606;85,194656486
840;59,9367601448;61,5080066446;86,8756417753;65,8189462957;65,9561887864;75,4948555902;64,7217032166;72,1424823447;88,8037991956;90,807137409;66,2970337197;87,9410468479;66,89907425;70,5044469416;88,1158993824;56,4292125008;3,35516389144;12,2652476272;14,0296304742;11,1453076152;7,06388837224;3,78439437582;4,42858861533;14,0778451318;17,2682105853;6,98251578105;18,7948247288;10,8247679666;84,9803586709
850;59,9868865759;61,6226134741;86,9311870894;65,8592085443;65,8734522879;75,2914136676;65,0494637337;73,1026666119;88,8354077858;91,0139190409;66,4283659835;87,8604502159;66,9201346526;70,7472426655;88,3294762578;56,7578302047;3,4356965201;12,5436742884;14,5068617039;11,4820728812;7,48065050752;3,5967177708;4,39513668121;14,3100326618;17,1141808732;6,66719863494;19,0515147401;11,0268598287;84,8874625786
860;59,8176951713;61,4737577343;86,7405722875;65,5283565775;65,6995616871;75,1290118726;64,5457217638;73,4717815601;88,58264448;91,0470508366;66,2078742792;87,6449757776;66,7634344458;70,6568437532;88,1857567045;56,6401172532;3,2368245454;12,6276026666;14,4937697394;11,2755348221;7,23628072572;3,519186765;4,3719462808;14,0155799243;17,0182714791;6,85475033465;18,8099652628;10,9754638045;84,7284203054
870;59,8021660623;61,5821313631;86,8191652146;65,4255539456;65,7340533547;75,0878149842;64,6002600185;73,9927885618;88,6344433407;91,1046553749;66,4651173395;87,5368375077;66,5662640104;70,6847905901;88,3017941888;56,9022328408;3,48430642072;12,5018280833;14,3917992626;11,553415317;7,22531106587;3,66911451429;4,23361692133;14,4040125338;17,2509532301;6,92431554898;18,6730811881;10,8969858669;84,3232757905
880;59,9668057075;61,8259818854;86,8565831071;65,5632538191;65,8252861432;75,2621602123;64,8950266439;74,5225298535;88,9811740939;91,2343593033;66,7968150104;87,5670192265;66,8747320935;70,9384693061;88,3792821733;56,8082814644;3,28035155518;12,453852827;14,736524863;11,260306975;7,43217708899;3,63880222837;4,27578356162;14,3069576341;16,9912785336;6,78344147488;18,7062224134;10,8225481115;84,2714444101
890;59,7760654605;61,6622889874;86,4688007075;65,1828310132;65,561811191;74,845793941;64,5921564507;74,4549398247;88,6863433236;90,8832672239;66,5654307943;87,2017878986;66,6572111044;70,7554213573;87,9829772619;56,3561391569;3,53886762494;12,7848399191;14,6872252211;11,5969177156;7,67632447783;3,86695519136;4,26735668583;14,5556137423;17,7906884121;6,75791959827;18,7188079965;11,3738508735;83,9023994789
900;59,5793965592;61,4088145308;85,9906988184;64,8558698371;65,4382784147;74,7121639417;64,4358738497;74,2795287054;88,3292444371;90,6241979999;66,5835479124;86,7695402767;66,5802915673;70,3893471111;87,4104006694;55,9837716887;3,14991315991;12,6713829052;14,7630410125;11,5717406031;7,45107541876;3,62197674494;4,27292811876;13,9193221206;17,0259845091;6,38514307166;18,8085501379;11,0499072839;83,6440315107
910;59,3475652264;61,2391588254;85,7286024139;64,6380553955;65,3157320503;74,450540111;63,892090012;74,1003117265;87,9799503718;90,0912951061;66,4980815644;86,3482442571;66,137179253;70,1669274276;87,0469868612;55,8715363946;3,67543731437;12,8082649798;14,9776248413;11,8026894666;7,50221030626;3,79946622495;4,29568336759;14,8230375138;17,3468528352;6,99208064081;18,6680566144;10,9204072184;83,3599296196
920;59,326207788;61,3374395525;85,5079558678;64,5641231181;65,1835998279;74,4777342335;63,9902852276;73,9765146601;87,8324632832;90,0962785125;66,487033763;86,142748925;66,1961543579;70,1120656818;86,9474167669;56,0337402598;3,36676880829;12,7040245468;15,0222955255;11,5340144214;7,51258633066;3,70811479879;4,19247258801;13,9742565453;16,9755672759;6,89686549939;18,7792538222;10,8656612712;83,1425380629
930;59,3777979151;61,253379309;85,5804784535;64,368957901;65,2098255894;74,4803575914;63,7199185223;73,9773282838;87,6294744929;89,8942067126;66,4676733935;86,1881333961;66,127739181;70,2739471361;86,8471281421;55,6785062202;3,45250163939;12,6982984929;14,8386221827;11,8203842318;7,60327424673;3,79786640797;4,51368888134;14,6129090962;16,9279766191;6,88773466541;18,5963317448;11,1519210119;83,0873404236
940;59,3823862285;61,329545901;85,5742085499;64,3975795263;65,3299418214;74,7279365823;63,5768159371;73,7955186719;87,3907675058;89,7259996035;66,6438025827;86,1049872495;66,2730828384;70,2029294632;87,0438814599;55,1955288801;3,47531750165;13,0911730417;14,7319487282;11,8765426079;7,63956016684;3,85288473538;4,46328941957;14,6183528867;17,479545741;6,6965921836;18,7375003978;11,2493398672;83,169541573
950;59,3735117318;61,3750186214;85,6302322188;64,1790988469;65,4529494842;74,6760559035;63,1643341064;73,6955706001;87,1075159867;89,2596524408;66,5357140954;86,0200848068;66,1661532417;69,8932566991;86,9699223361;54,7048172234;3,30460278047;12,843168437;15,281934412;11,6031612076;7,92188099152;3,73240547506;4,31014532455;14,6490820444;17,2775267499;6,82575062788;18,8674555648;11,0235230657;83,3827375127
960;59,6698330553;61,6177853597;85,8733579335;64,2081696892;65,7391113028;75,0879083998;62,9563434269;73,7715954586;87,0867470116;89,180195856;66,6660779142;86,3319812007;66,4275525921;69,9571491213;87,1261885429;54,2954456582;3,36850226057;13,0335556475;15,0232948355;11,7888246473;7,46297480533;3,46207809532;4,34492809639;14,9400579141;16,9889641799;5,98205428446;18,4049676364;10,9838932308;83,9655746526
970;59,665788696;61,5282395945;85,7492334212;63,7840114015;65,7628395527;75,078875779;62,780303134;73,5291239559;86,5759426762;88,7109590925;66,4974069008;86,2109401774;66,4201906908;69,6349297094;87,1183683166;53,589047175;3,20385908659;12,812230396;14,8314838619;11,4722631655;7,29695114839;3,38982940921;3,97526962155;14,6662704843;16,857962282;5,85687095321;18,4094614351;10,6828166291;84,5523187516
980;59,7490125065;61,4545554507;85,9750344102;63,7121524876;65,9342401422;75,4818990896;62,5736091186;73,5163965954;86,6683658181;88,683700675;66,4954646368;86,2679288199;66,4289845078;69,3986042524;87,2337381047;53,6237188489;3,28702209278;13,2095862862;15,124664606;11,7987736491;7,46201775057;3,3823915908;3,97671512122;15,1166802139;16,9864172645;5,95140145983;18,2715893715;11,0240072284;85,1647212424
990;59,8880008881;61,5420763617;86,1785339927;63,5621273285;66,1770199099;75,6759039213;62,5194065656;73,5574984231;86,5473790093;88,6820557772;66,5400241083;86,3873472641;66,5027805292;69,3309197448;87,3829837538;53,0065887231;3,22581901186;13,119370119;15,261731095;11,9291977981;7,76143198786;3,41105146313;4,1878826328;15,206144186;17,1083953121;5,7579332725;18,2496356406;10,7337435527;85,5144708374
1000;59,9526697727;61,545638881;86,2687518144;63,4405166533;66,3076367032;75,8239135983;62,1955600578;73,4592533128;86,3990644373;88,4773328947;66,5524216697;86,4161794188;66,5063135435;69,2233678731;87,4187358753;52,5895329869;3,11755283561;13,1125752048;15,0971081445;11,5205408012;7,68125330876;3,24925034196;3,69687753126;15,0616196173;16,4255036414;5,32748842726;17,9459555008;10,6084033537;85,7494276256
1010;60,2622884095;61,9324593583;86,6226639644;63,5937045075;66,6165289974;76,2081046472;62,1304980422;73,6751216889;86,5288959817;88,5859824488;66,680811921;86,7409870813;66,8013608288;69,3287580755;87,6310715636;52,6387921744;3,30245589575;13,4107863771;15,2968627558;11,8131206979;7,54152377585;3,36076397214;4,19314541761;15,4228980076;16,9975218278;5,69402231338;18,2301755893;10,7249595221;85,757478927
1020;60,3308488381;61,726459511;86,7039058415;63,5824316308;66,6948317603;76,3598215428;62,2176029428;73,386661381;86,3100631499;88,4812341791;66,7201087904;86,7200340953;66,7409766646;69,2947773353;87,4386773102;52,3172011886;3,03301441346;12,8628584789;15,1157858343;11,6427688011;7,25782847635;3,1378901931;3,66348235763;14,9491414179;16,2279372649;4,87945735902;17,8943965194;10,5869195017;85,6420137427
1030;60,5061059503;62,0429568642;86,8675246537;63,8621831786;66,7624761865;76,7391709883;62,1785871647;73,7112504994;86,4510604645;88,5068036212;66,7739013146;86,846856841;66,855947071;69,5291339873;87,7067708736;52,1761842622;3,0144902008;13,3503957227;15,2780151656;11,64290581;7,7157508928;3,27448022822;3,90425457573;15,3659832801;16,6314157894;5,24311193858;17,9319095502;10,4406388975;85,6061016352
1040;60,4175821312;61,9486580014;86,863460269;63,5902121537;66,7463877119;76,6910897898;62,0533488582;73,6383929745;86,2809279056;88,3760530451;66,6808237029;86,7936841194;66,8329258879;69,4559768133;87,801243947;52,0970248074;3,23813368615;13,6639157062;15,5686679177;12,1126784019;7,72044514237;3,31146923129;4,11060660107;15,6891060157;16,7962017996;5,44231667793;18,0390035151;10,802044832;85,4959437188
1050;60,4987947806;61,9823102023;86,6886494868;63,5730293452;66,708933519;76,9358178916;61,9356297764;73,5759958845;86,1862290131;88,3426835584;66,5735151031;86,6103101841;66,6086588081;69,4447474771;87,7539829682;52,2127505378;3,07648007756;13,1881343594;15,3128107253;11,7785634792;7,60364446709;3,16308424632;4,13025871794;15,3088070378;16,5055328104;5,34561995085;17,8252657784;10,6231116439;85,4519856691
1060;60,4268103897;61,8666047077;86,7506442005;63,5595199493;66,7169922126;76,9008512782;61,8010877722;73,4218805876;86,2606713325;88,2167307833;66,6376974805;86,6529739848;66,7094504041;69,5396856339;87,8405680627;51,9642143605;2,94219099722;13,506617623;15,3643649842;11,7895313345;7,59191100968;3,18106081653;3,86256212109;15,58692644;16,389446654;4,88661575056;17,7549668565;10,5612754936;85,3075473952
1070;60,3928027646;61,9722060893;86,8494468227;63,5543936994;66,7251365177;77,0628555372;61,7538251276;73,4816276905;86,0515938487;88,2656096527;66,7487781506;86,7675431658;66,7589592506;69,5267423657;88,0880699853;52,385382009;3,16319748424;13,5302630527;15,2499518595;11,9424899702;7,73245686866;3,3223618441;3,63359142421;15,7611499961;16,3108408907;5,37220227541;17,8747732253;10,6504404987;85,2245355888
1080;60,4267622692;61,8595530559;86,7661883614;63,4678273279;66,720863793;77,1152490226;61,6018606916;73,4197099077;86,0516064606;88,2055541873;66,711613177;86,592192335;66,6203123254;69,5846959175;88,2872088836;52,1648630777;3,20582673972;13,3455674415;15,627134293;11,9985051097;7,76170687057;3,42191500449;3,9922046821;15,1061032106;16,4232009439;5,07742097066;17,8536699421;10,6710787289;85,0662702695
1090;60,2327737173;61,7758126127;86,5975764563;63,2500489505;66,5744430716;77,2324228394;61,5423538351;73,4265377244;85,7368058724;87,9869689903;66,5210184355;86,4520744161;66,5625834797;69,4528643857;88,1468479912;52,129437226;2,95353029846;13,4033121667;15,3799881479;12,0361668736;7,63462484425;3,29523379347;3,71833568301;15,3991147982;16,1933727691;5,10491081328;17,7935827497;10,5644264337;84,9013412645
1100;60,2480317959;61,6562141997;86,5473374414;63,2627503801;66,5468793919;77,3401459166;61,3496645671;73,3896623985;85,6806262826;88,0214438254;66,1495345956;86,4048681998;66,4394047096;69,3703371118;88,0246092611;52,1999079397;3,17270436509;13,22299039;15,4027187179;12,1224092487;7,83890961914;3,23584515161;3,96469976962;15,6428690798;16,2707428956;4,99202181047;17,9561454925;10,7126901544;84,7208965192
1110;59,9739091962;61,5283683707;86,4201520963;63,1134305249;66,4127582835;77,4475454155;61,4553087982;73,5806969318;85,8224802572;88,2216318933;65,070323865;86,3668158461;66,373633462;69,2042510424;88,0175478415;51,9835791178;3,01019556398;13,5685640032;15,5421757026;12,1462602453;7,78079389234;3,36686352077;3,91512826906;15,7453795562;16,491594728;5,13217695816;18,0004362792;10,7767822222;84,7653724981
1120;59,2423179038;60,7829886248;86,3777905607;62,4894508589;66,1461989815;77,4481869132;61,5887497046;73,631060309;85,884859272;88,2547325425;62,849159345;86,2934548403;65,7856586516;68,3310609992;87,7118848149;52,0346513785;3,29542748752;13,6123977305;15,811021964;12,309339036;8,14653773686;3,46822096748;4,06026129074;15,8277839875;16,6885298417;5,41839839882;18,0787601474;10,9439658108;84,5944964898
1130;58,9539031191;60,6126716987;85,8241332068;62,1700985811;65,7629104339;77,06185293;61,3602299226;73,3612690476;85,4773227287;87,8004627746;62,2595417977;85,8953222787;65,4607244443;67,7773975945;86,9616667239;51,7857450343;3,13028174516;13,6279638142;15,5761439353;12,1136485061;7,95138431041;3,37014760855;4,1299860959;16,150299532;16,3675850739;5,46829020591;17,9063955541;10,8845229676;84,2911650934
1140;59,3531702865;60,9437563796;84,9429837144;62,3207451538;65,935495959;76,4700899527;61,2338949179;73,1271354467;85,1129991083;87,1304924518;63,8377516283;85,3828659257;65,772300572;68,1433517555;85,6287298816;51,0235593657;3,3023857095;13,7833837181;15,9422895082;12,5302091277;8,00505144499;3,45308374098;4,01924165265;15,9700113342;16,6692738133;5,2162479914;17,9576854322;10,9471658338;83,8314968141
1150;59,1608023084;60,7615916446;84,287465231;62,0603529276;65,722851919;76,0079273591;61,0268639641;72,568391324;84,5606257403;86,4668716455;64,51915063;84,8545776933;65,4946353178;67,8836805882;84,0386322847;50,391057004;3,14372889204;13,6676493939;15,5885866889;11,9748373563;7,93326025506;3,37037182151;4,14223829033;15,9481666788;16,1742622365;5,3025236292;17,8706837391;10,8625103983;83,3446013243
1160;58,753104616;60,3722675212;83,5609599788;61,4822225808;65,3293405269;75,3842961856;60,722572672;72,0455847446;84,1331097583;85,7633490589;64,3860046511;84,2315429108;65,1998073814;67,2423901765;82,4028267117;50,15135263;3,2879322553;13,6248766646;16,0483195821;12,0346229799;8,1290634795;3,5030760922;4,13193497931;16,1379930532;16,3722042935;5,5565613168;17,8732853622;11,2188393136;82,859692556
1170;58,5151057197;60,177837303;83,0032513694;61,133394514;65,0263687292;75,0309274454;60,7510347589;71,6301336921;83,82065734;85,3689326708;64,3897677037;83,9497463459;64,9246825975;66,7525719591;81,2238436399;48,9780482349;3,04426553086;13,694412726;15,327749615;11,8471593817;8,01759059666;3,2421579628;3,77675661217;15,7042463049;16,3745242888;4,95189183414;17,7862666015;10,8151739745;82,2839553245
1180;58,3462415446;59,9631246146;82,5173005223;60,6873841577;64,6630400822;74,3980794294;60,4137495806;70,9376123138;83,312453187;84,9961414682;64,6555108039;83,4396165204;64,5830270412;66,4448655931;80,2407473986;48,6038899386;3,2302742138;13,6630516715;15,5177048836;11,7980462861;7,90896720188;3,29108429311;4,08488739491;15,8719625009;16,112517481;5,13345507598;17,656589712;10,9548289356;81,7632586377
1190;58,0658648174;59,7229196908;82,2933345317;60,3045319179;64,2490416457;74,303651159;59,9625554861;70,0967654564;82,7855198161;84,4267344513;65,0340652241;82,9813277243;64,3191280689;66,0959760436;79,5686933478;48,1939223772;3,32623178876;13,7685351719;15,6846840021;11,8554512004;8,37253523095;3,60241829287;4,04556857128;16,2007883074;16,229852547;5,36455694039;17,7616024471;11,1516372669;81,2040025638
1200;58,0748774482;59,7042223022;82,3808121943;60,0942404504;64,2566744406;74,6693703148;59,7830970153;69,6246302431;82,7055764715;84,4246707033;65,4159787151;82,9333576466;64,1774682102;65,8606635218;79,3484106234;48,4563271131;3,18486311445;13,8475190985;15,6653910549;11,7818580899;8,2207878709;3,35776627086;4,07564342091;15,9831497116;16,1906558145;5,39105191731;17,7472295989;11,0619732817;81,0652120996
1210;57,9977599916;59,5128477911;82,6108593734;60,0660449018;64,0131827269;74,9951741506;59,7004982066;69,3677943904;82,7842116765;84,6351880114;65,4265404879;82,9331525119;64,0445747771;65,7823118103;79,5504626462;48,2365429249;3,15228440256;13,6128417886;15,5941586313;11,7963257968;8,09678701108;3,541867261;3,96809122974;16,0144286923;16,2505829295;5,36576438694;17,6991110467;11,0856139327;81,0099733419
1220;58,1966868126;59,8014274367;83,1207242887;60,356276953;64,1925792922;75,7221663334;59,6747778547;69,4054155513;83,4288097036;85,199809165;65,4309793567;83,6919881156;64,1661238097;66,1581809372;80,8211364097;48,8633130352;3,31803178962;13,8245369723;15,652201661;11,9701074969;8,06530356685;3,47138919175;4,10350135645;15,9127618111;16,1237140767;5,35368794025;17,8804388785;11,226646284;81,4057829105
1230;58,1227557675;59,711456883;83,302187788;60,3512812298;64,2325606073;75,9556195642;59,574662929;69,4079875531;83,8336332582;85,60149239;65,167811551;83,9690908829;64,111678149;66,2974305015;81,862226422;49,3404678162;3,12745772542;13,6994704609;15,6349680233;12,3167801808;8,39185319803;3,54409449387;4,04271925958;16,1662038257;15,91278452;5,15792810412;17,8099332815;11,2589688327;81,8669256571
1240;58,5674043219;60,1062048155;83,9770870381;60,9101558005;64,6222797389;76,6886435971;59,8509872048;70,0462891951;84,3409948933;86,2440083658;65,5061066536;84,4612280429;64,6463613098;66,916737753;83,0371783356;49,9969672727;3,42295653386;13,8050770787;15,7871400951;12,370938828;8,28673205153;3,57075726421;4,09501034847;16,0535479085;16,375583613;5,32491541042;17,9666747071;11,1638762749;82,1617866691
1250;58,6884292676;60,0860524866;83,9332480477;60,9648752826;64,7650466321;76,8012537128;59,9959269329;70,3388761919;84,5498899492;86,5945950144;65,5100200915;84,6128065933;64,702069243;67,1119413973;83,529107286;50,360727864;3,36824896453;14,0548936075;15,6954783519;12,4091105564;8,23226852697;3,61613389368;4,06462946466;16,3377023154;16,3101022816;5,35532134258;17,8132727178;11,354159234;82,3583308363
1260;58,6599685066;60,1788603769;83,7805514952;60,9926967331;64,7525277007;76,8022690051;59,9329403759;70,4008787913;84,539104083;86,5001129128;65,490792436;84,5548251395;64,7449566688;67,2747273622;83,3601484157;50,0961928693;3,30969875758;14,003346147;15,9504811643;12,6375035433;8,34642639229;3,65082863968;4,11212404658;16,4987037568;16,200746605;5,28409450194;17,8548734955;11,1951893014;82,3275312892
1270;58,7918030754;60,1717543014;83,7737434406;61,0740912567;64,8490121563;76,9674154584;59,9043343806;70,4366036021;84,5717656797;86,5062465341;65,360432672;84,6401069037;64,7933833648;67,2750670563;83,315945653;50,1482375988;3,32897660561;13,9868072385;15,8030562808;12,5645648466;8,32358418316;3,6793936203;4,28110000414;16,367841964;16,1456921505;5,43168467831;17,9487519086;11,3588493285;82,1552558026
1280;58,8763042446;60,3260046259;83,8322539322;61,2086761904;65,0463432738;77,072976036;59,8627523376;70,634966715;84,5932246955;86,571716358;65,3198243977;84,6231056648;64,9374056648;67,4770383456;83,4606754053;50,0877358092;3,35840270554;13,9849966249;15,9779304932;12,618841817;8,52022495522;3,50708756979;4,18072057675;16,280220516;16,4676489694;5,39307401478;17,8744881716;11,2811929532;82,2104719
1290;58,9039260137;60,4576510983;83,743344062;61,25887314;65,1282970077;77,014899683;59,888854573;71,0318630645;84,4870508805;86,4637541657;65,3164919944;84,6222058347;65,1110436881;67,7266163282;83,4614377731;50,1431659592;3,42102133618;14,1207301547;15,9862516391;12,6927003244;8,44842973013;3,67803362327;4,15790940297;16,6087656278;16,1777777334;5,25980263303;17,8980519925;11,3100195039;82,1105058478
1300;59,0936296271;60,5175160797;83,7286090484;61,3513538495;65,3136891429;77,0990535295;60,0974035841;71,2076320042;84,5945890667;86,6410270171;65,2633400841;84,6248497036;65,1917241494;67,9616417147;83,4655706522;50,4029233236;3,22904810403;14,1502245679;16,0426688156;12,6527660303;8,32032109489;3,56807620583;3,95273247024;16,4661979128;16,1899098293;5,23538191152;17,7966685309;11,5082695988;82,0993360852
1310;59,1650188154;60,5408762349;83,7467444319;61,3883377702;65,3981141155;77,1631898348;60,1348146208;71,3635683835;84,7044208887;86,5989780779;65,2833269923;84,7022495247;65,2369034236;67,9142250079;83,3034723702;50,43754284;3,28387980087;14,046034773;16,0669001054;12,7099851247;8,45518045133;3,61581661528;4,14125025341;16,4849186872;16,0422047921;5,30069846029;17,8330553807;11,3066336255;82,0293664018
1320;59,0515580335;60,470933655;83,5891379859;61,193871197;65,2926884834;77,070946123;60,1695050254;71,2641888107;84,8424484465;86,713177812;65,2287182283;84,6576740486;65,2143998071;67,7933883311;82,9072955991;50,1634197009;3,29265505874;13,9718939419;16,1310567157;12,6733296147;8,55490365676;3,66758105453;4,1784464295;16,6512350262;16,2652634654;5,07592537631;17,875510982;11,4813789055;81,8947680123
1330;58,6256495163;60,0987171428;83,1899229359;60,8053977773;64,9851777824;76,8059504652;59,9875050944;71,0054229046;84,503547119;86,5208958837;65,0908496624;84,4132252789;64,9090046881;67,4724997907;82,3595303622;49,9971082753;3,4513336358;14,2073995456;16,2217353509;13,0462959662;8,52279840638;3,80218853444;4,23521806597;16,9455974718;16,2423219036;5,43924425738;17,7997746784;11,574294885;81,8243232757
1340;58,172301006;59,8591147186;82,9031892325;60,3428193928;64,7152175344;76,6222946763;60,1651668444;70,6701560669;84,7488580954;86,5264764168;64,7115759624;84,1942375385;64,6505926818;67,0627758225;81,5679417916;49,9694811714;3,55910655185;14,5872360456;16,2156522821;12,9772163962;8,76424104261;3,81067604308;4,33218877783;16,9574848506;16,4126427862;5,38055827861;17,8387779908;11,798406957;81,7761838676
1350;56,8501301603;58,585606199;82,0237147888;59,1615589443;63,5418291463;75,8971941356;59,9596348185;69,9317820352;84,7414923606;86,5634400872;63,4635628703;83,339123346;63,5937890147;65,4927931364;80,5257353168;49,7601141265;3,25616617323;14,2128424195;16,1439516124;12,7312307079;8,54202802652;3,78357540934;4,16894128977;16,9876372074;16,2759105933;5,49774648242;17,7868957207;11,6393411336;81,6790891216
1360;56,1098871975;57,9940983672;81,9629374244;58,3796662509;63,0366187768;75,6518840205;59,5653838805;68,7462039174;84,7549000433;86,5314234304;63,0737186239;83,2879184893;62,7141575322;64,4517344584;79,86902687;49,3621540073;3,53756303027;14,3659076424;16,0787274876;12,6980647563;8,68181457396;3,65775527087;4,23292407067;16,8221289449;16,1850542551;5,41603653942;17,6677445019;11,7282550215;81,1485517245
1370;55,9622876574;57,7730760812;81,7259716533;57,8631776514;62,6280267473;75,2386470169;59,2678695875;67,7875273108;84,1678259564;85,907299298;63,1418526569;83,1252786743;62,3009947442;64,0472730413;78,9131005214;48,8967040683;3,5435570447;14,298174718;16,1318499561;12,7046876374;8,92199191973;3,8212212604;4,30752562293;17,0139372549;16,187373426;5,28094466554;17,7697712225;11,7318824738;80,703847822
1380;55,3237534239;57,1380712016;80,7808290758;57,3257337778;62,1951408997;74,4228172002;59,077398754;67,284536549;83,7922284739;85,7162643896;62,4100766114;82,0692136811;62,0089995214;63,4375488353;77,5036956095;48,537605807;3,54652886541;14,5522521149;16,1562166538;12,5736104325;8,77270780255;3,77581788172;4,31801713644;16,7810270514;15,9493387452;5,52010641302;17,5986695643;11,7447145012;80,2499109252
1390;55,2065830748;57,1056057079;80,1354358923;56,7566283779;62,1061568403;74,164676448;59,1051163537;67,1535138901;83,554976144;85,2278411646;62,4098968914;81,8510862032;62,0252454171;63,5064696484;75,9303791931;47,531156427;3,68692844225;14,3356652152;16,2542153365;12,3941332567;8,8962751607;3,79333142666;4,5829848752;17,067791593;16,0681914642;5,66131030366;17,8251986459;11,8581019785;79,7866465429
1400;54,1174088264;56,1953364573;79,7274448042;55,3758075021;61,1405005128;73,6125730036;58,6864803415;65,9244873739;83,0980887389;84,8946334531;62,1102754868;81,5392581344;61,2298518013;62,5857106693;74,3687319322;47,2305055088;3,45660370325;14,7715304124;16,1992071304;12,2580435511;8,9130335043;3,83373207924;4,34121492965;16,9369631787;15,6941757925;5,35024958379;17,6086276475;11,7694980892;79,3524954324
1410;52,6516700043;54,8381828308;79,1594468906;53,1950429773;59,5756427676;73,2914237706;57,8973685773;63,5819371958;82,6885277078;84,4105886805;62,2229866436;81,2895626573;60,043565976;61,0302423767;72,635282909;45,9201961353;3,61285511018;14,6978791617;16,004514376;12,2312172883;9,06597679012;3,84037015646;4,42074941958;17,1621334837;16,2019077844;5,63383891478;17,8239287883;12,2391324974;78,7708164222
1420;50,7658697496;53,4521825578;78,8279713324;50,695070494;57,4609898506;73,1276962998;56,2453903129;60,6057497961;82,2529543441;84,064530574;62,8287026535;81,1284537186;58,5266952501;58,7216839264;71,5098710035;45,5261505963;3,56928305771;14,5521902445;15,7433909208;12,1307081268;9,28237865669;3,89817502462;4,45565011254;17,1223901936;16,3844120226;5,89137211194;17,9568867542;12,1901293455;78,2288964169
1430;49,5501732166;52,3495403436;78,7963258393;48,979827867;56,058764207;73,2849109225;55,0682183643;58,4141433795;82,0566892035;83,8194912161;63,7354844724;81,332303062;57,1955295957;57,3370697211;70,85168034;45,1651621392;3,52041257188;14,2876888168;15,4388570928;11,8778943932;9,17554943947;3,84005101209;4,31564076648;17,0122094893;15,5952852672;5,63046229863;17,8135878793;12,1555945573;77,8465153405
1440;48,8480265261;51,785512889;78,8127595609;48,1566116832;55,259460169;73,4548724677;54,2917963209;57,2249269752;82,1230315701;83,8151527358;64,4633623673;81,2819611619;56,5981865774;56,5925535562;70,5736933115;45,1490150821;3,80033235731;14,9892034511;16,1095678135;12,387319216;9,69225690314;4,26547785533;4,85564756365;16,9916463867;16,4209604513;5,80981570637;18,0615345713;12,4437988554;77,6702870171
1450;48,4463511555;51,1200644988;78,5296784526;47,5397500812;54,5801632011;73,4350608602;53,5113740136;56,3401978268;81,9044819417;83,670093886;64,7281306914;81,3532708122;55,8093712685;55,824748967;70,2266108894;44,958066166;3,74236425463;14,5724781341;15,5124169385;12,0370971218;9,30758146416;3,8589723487;4,68706643321;16,9456616018;15,8792027393;5,8035875753;17,9782344846;12,2938284283;77,4139293525
1460;47,9205827459;50,2743736809;78,581306035;47,1874997545;53,7101012806;73,4061405534;52,7655024564;55,0284719119;82,0051077994;83,6216297974;64,892314218;81,0935057811;55,0513012423;55,0380709121;70,0515340589;44,9031445734;3,67408984568;14,7253266651;15,2779202472;12,1257840655;9,23595144411;3,88329952654;4,48571256933;17,1345549356;16,1048130342;5,77862111661;17,8212039166;12,4626532282;77,0609967822
1470;47,1882495536;49,2044255812;77,9002206336;46,5168082316;52,3907773236;73,0946210534;51,4708949932;53,509734163;81,3871289437;83,239993242;64,7048016332;80,6190293698;53,8436000204;53,8356302144;69,503359019;44,6429027498;3,60061197613;14,0922611993;15,3751399118;11,8798827376;9,16805227899;3,74246146772;4,6321618672;16,4088855731;15,912148693;5,59510599455;17,8542141925;12,1114942636;76,8184622539
1480;46,8842894842;48,6349438509;77,6522364676;46,339368097;51,8800301801;73,0842791782;50,6415267154;52,5877121312;81,1928792357;82,8354064951;64,1982484842;80,2462567535;53,061595145;53,1190014332;69,1780845014;44,276431323;3,66139183872;14,2466263303;15,0704804817;11,9866295244;9,35415476101;4,03056751385;4,49958332888;16,397288266;15,8230803483;5,58438060294;17,7780042053;12,3235857058;76,3820233816
1490;46,8934271688;48,4609256495;77,2047703027;46,423832999;51,6057535004;72,7714065539;50,3414715382;52,1590481567;80,7998439164;82,3566120356;63,4242933944;79,822672085;52,7865772795;52,9992916982;68,6558641117;44,045434622;3,47930556497;14,151782924;14,9813462572;11,7071809246;9,21104002243;3,77534998901;4,50703414243;16,6653666683;15,5788570766;5,63414733831;17,5897858867;12,2191678438;75,7807526837
1500;47,1908773851;48,7377963617;76,9350537497;46,8141695755;51,9761666508;72,5270745815;50,406482911;52,2790779931;80,4590255104;81,9222670053;62,8711901467;79,5192810656;52,9388306036;53,318225075;68,3935241061;44,1481120666;3,72130267193;14,251932596;15,1974222582;11,9207010736;9,27997174649;3,96881577161;4,33229589706;16,4633065853;15,4056331922;5,56079620173;17,5757418775;12,2083364121;75,4933214505
1510;47,5988251298;49,0581522874;76,9606672169;47,384845715;52,3436091914;72,5501987682;50,576205202;52,6067264406;80,2625350829;81,9324265416;62,5522964328;79,5633685269;53,1911987092;53,6236651481;68,3917086675;44,1008979259;3,58505322417;14,3476706023;15,0453269765;11,7565631598;9,35523690576;3,9128555582;4,59402298086;16,6818389369;15,5002948838;5,65676223738;17,4816765806;12,1976445966;75,5187395437
1520;47,7178910552;49,1650711132;76,9250100654;47,5553206933;52,3849848218;72,5801987767;50,6860602995;52,8020588369;80,1664516314;81,7733662155;61,9339932286;79,3820558081;53,2988303442;53,7865169286;68,5897622914;44,1371424557;3,57391907775;14,0532815114;15,2774636132;11,9044186794;9,05246495621;3,82829260004;4,62400729259;16,3657837944;15,355445564;5,63158265491;17,3768311003;12,145839837;75,3185324582
1530;47,8018699233;49,0267060112;77,3114395406;47,6304800278;52,4345644745;72,8681017751;50,486252675;52,6931577138;80,5484632421;82,22029836;62,0451462634;80,0374456664;53,1413146651;53,8026624463;69,2309099434;44,5953469974;3,67883471525;14,4114117092;15,0417706587;12,0772488819;9,26133141658;3,78165704645;4,62498623959;16,4484494889;15,3117797987;5,56920708771;17,3362144938;12,0830935475;75,4266998663
1540;47,7311138039;49,0479197352;77,7231349732;47,5344827355;52,244834677;73,1027618777;50,3508040437;52,5786067214;80,6596305304;82,4067936438;62,3259100736;80,1696643057;53,1677829368;53,7539366721;69,8966764597;44,9320616122;3,47945995121;14,1723001704;14,8933695728;12,0711300306;9,23322481467;3,86051426486;4,19221535123;16,2927434588;15,5397015276;5,5126422875;17,3556632528;12,1699025657;75,9456318917
1550;47,8654287925;49,2372813915;77,6518321587;47,730219355;52,4941329067;73,2571187654;50,4451118349;52,8534279346;80,8559851158;82,5597035403;62,6955246298;80,4819311773;53,2755776226;54,1709755665;70,2482679326;45,2889168914;3,72688830005;14,1827541965;15,2588412001;12,2131777183;9,10695642585;4,05317325272;4,50643569664;16,2741981074;15,3470227188;5,58174338076;17,4357180655;12,111744885;76,0188857085
1560;48,0520976149;49,4564991853;77,5934051405;47,8712344923;52,8324845625;73,1894393142;50,7884909053;53,2202723755;80,7147856557;82,5301536054;62,8279172229;80,2763829208;53,4642408657;54,3092432549;70,0943164816;45,4290189489;3,48773973807;14,2609579626;15,2002685103;12,1909933549;9,32033353572;3,81270552022;4,40995974584;16,5483783165;15,1812479925;5,40148467248;17,2077621646;12,2599948;75,8102499733
1570;48,2762433483;49,6712365399;77,7504595875;48,1121370908;53,0194972581;73,2692743354;50,9232296379;53,6024503662;80,6968925547;82,4540424153;63,3031087977;80,3159074688;53,5811583693;54,4193674813;70,4756367297;45,5283030957;3,69334906528;14,3910660417;15,297588517;12,1113418418;9,13904105404;3,91074495616;4,50010270515;16,6126336225;15,1408193842;5,55269741444;17,11849787;12,1744172747;75,8512906898
1580;48,2801178026;49,6854614364;77,922203951;48,2116186335;53,1009319565;73,2523325219;50,892034057;53,6612158485;80,7442117879;82,4576598902;63,813608118;80,3955575849;53,6284905011;54,6240589374;70,7989399429;45,7576078101;3,64949895226;14,2172154047;15,0790455988;12,3966877452;9,4596186906;3,93469171563;4,51720057421;16,7479200221;15,3666297775;5,49205471734;17,2421461281;12,3679626315;75,968506916
1590;48,6823728144;50,1710371766;78,1645107861;48,7126967591;53,7545354994;73,4994869167;51,3433973758;54,3780132811;80,820489754;82,7506423322;64,1527834168;80,6538186196;53,9924946103;55,1143399066;71,1506314175;45,7580820477;3,64075976696;14,4223300466;15,2157589815;12,2877166028;9,36212384998;3,96413946049;4,30386530231;16,7357232953;15,403165303;5,520447552;17,132601003;12,294955376;76,0654510255
1600;49,4376381834;50,8644559675;78,5101528016;49,4452574794;54,6082573308;73,6723206136;52,0857647654;55,4448761154;80,869825836;82,8421239343;63,6131299905;80,7675998417;54,8263452375;56,0054121771;71,603477894;46,3919673222;3,59305939431;14,1580281979;15,4192494278;12,3982138363;9,11143582563;3,94267840302;4,50252798946;16,6347635616;15,1231685448;5,41381249195;17,2655573246;12,057163851;76,2687876451